{
  "project_info": {
    "project_number": "700641458311",
    "firebase_url": "https://salon-df387.firebaseio.com",
    "project_id": "salon-df387",
    "storage_bucket": "salon-df387.appspot.com"
  },
  "client": [
    {
      "client_info": {
        "mobilesdk_app_id": "1:700641458311:android:41fa697c8eb8837f",
        "android_client_info": {
          "package_name": "com.example.rinku.beauty_salon"
        }
      },
      "oauth_client": [
        {
          "client_id": "700641458311-lqqv0hq0pdvk5hh25go2jt73bdh3g7ca.apps.googleusercontent.com",
          "client_type": 3
        }
      ],
      "api_key": [
        {
          "current_key": "AIzaSyBWK14TZnYJXNJmIPtd4I9_YfIfe2nVMqE"
        }
      ],
      "services": {
        "analytics_service": {
          "status": 1
        },
        "appinvite_service": {
          "status": 1,
          "other_platform_oauth_client": []
        },
        "ads_service": {
          "status": 2
        }
      }
    }
  ],
  "configuration_version": "1"
}